{
    "mean": 0.06550260384877522,
    "variance": 0.0032083578486075716
}